timestamp,pid,name,cpu_percent,cpu_user_time,cpu_system_time,num_threads,vol_ctx_switches,invol_ctx_switches,memory_rss,memory_vms,memory_percent,memory_shared,page_faults_minor,page_faults_major,io_read_count,io_write_count,io_read_bytes,io_write_bytes,num_open_files,num_fds,num_connections,num_conn_tcp,num_conn_udp,num_children,status,nice,label
1748146577.607539,1,systemd,0.0,0.78,1.43,1,21132,947,14807040,24068096,0.044466383106858194,10067968,,,0,0,0,0,0,0,0,0,0,48,sleeping,0,0
1748146577.612727,2,kthreadd,0.0,0.0,0.01,1,544,29,0,0,0.0,0,,,0,0,0,0,0,0,0,0,0,299,sleeping,0,0
1748146577.618101,3,pool_workqueue_release,0.0,0.0,0.0,1,3,0,0,0,0.0,0,,,0,0,0,0,0,0,0,0,0,0,sleeping,0,0
1748146577.6206808,4,kworker/R-rcu_gp,0.0,0.0,0.0,1,2,0,0,0,0.0,0,,,0,0,0,0,0,0,0,0,0,0,idle,-20,0
1748146577.6232302,5,kworker/R-sync_wq,0.0,0.0,0.0,1,2,0,0,0,0.0,0,,,0,0,0,0,0,0,0,0,0,0,idle,-20,0
1748146577.6258452,6,kworker/R-kvfree_rcu_reclaim,0.0,0.0,0.0,1,2,0,0,0,0.0,0,,,0,0,0,0,0,0,0,0,0,0,idle,-20,0
1748146577.6284058,7,kworker/R-slub_flushwq,0.0,0.0,0.0,1,2,0,0,0,0.0,0,,,0,0,0,0,0,0,0,0,0,0,idle,-20,0
1748146577.6308954,8,kworker/R-netns,0.0,0.0,0.0,1,2,0,0,0,0.0,0,,,0,0,0,0,0,0,0,0,0,0,idle,-20,0
1748146577.63335,10,kworker/0:0H-events_highpri,0.0,0.0,0.0,1,4,0,0,0,0.0,0,,,0,0,0,0,0,0,0,0,0,0,idle,-20,0
1748146577.6358137,13,kworker/R-mm_percpu_wq,0.0,0.0,0.0,1,2,0,0,0,0.0,0,,,0,0,0,0,0,0,0,0,0,0,idle,-20,1
1748146577.6383328,15,rcu_tasks_kthread,0.0,0.0,0.0,1,50,4,0,0,0.0,0,,,0,0,0,0,0,0,0,0,0,0,idle,0,0
1748146577.6407733,16,rcu_tasks_rude_kthread,0.0,0.0,0.0,1,2,0,0,0,0.0,0,,,0,0,0,0,0,0,0,0,0,0,idle,0,0
1748146577.6433039,17,rcu_tasks_trace_kthread,0.0,0.0,0.0,1,2,0,0,0,0.0,0,,,0,0,0,0,0,0,0,0,0,0,idle,0,0
1748146577.6457515,18,ksoftirqd/0,0.0,0.0,0.02,1,7153,0,0,0,0.0,0,,,0,0,0,0,0,0,0,0,0,0,sleeping,0,0
1748146577.648179,19,rcu_preempt,0.0,0.66,7.39,1,482310,157,0,0,0.0,0,,,0,0,0,0,0,0,0,0,0,0,idle,0,0
1748146577.6506412,20,rcub/1,0.0,0.0,0.0,1,26,0,0,0,0.0,0,,,0,0,0,0,0,0,0,0,0,0,sleeping,0,0
1748146577.6531096,21,rcu_exp_par_gp_kthread_worker/1,0.0,0.0,0.0,1,858,7,0,0,0.0,0,,,0,0,0,0,0,0,0,0,0,0,sleeping,0,0
1748146577.6556008,22,rcu_exp_gp_kthread_worker,0.0,0.0,0.01,1,1762,66,0,0,0.0,0,,,0,0,0,0,0,0,0,0,0,0,sleeping,0,0
1748146577.6580925,23,migration/0,0.0,0.0,0.28,1,16217,0,0,0,0.0,0,,,0,0,0,0,0,0,0,0,0,0,sleeping,0,0
1748146577.6605268,24,idle_inject/0,0.0,0.0,0.0,1,3,0,0,0,0.0,0,,,0,0,0,0,0,0,0,0,0,0,sleeping,0,0
1748146577.6629705,25,cpuhp/0,0.0,0.0,0.0,1,26,1,0,0,0.0,0,,,0,0,0,0,0,0,0,0,0,0,sleeping,0,0
1748146577.6654503,26,cpuhp/2,0.0,0.0,0.0,1,26,6,0,0,0.0,0,,,0,0,0,0,0,0,0,0,0,0,sleeping,0,0
1748146577.6678894,27,idle_inject/2,0.0,0.0,0.0,1,3,0,0,0,0.0,0,,,0,0,0,0,0,0,0,0,0,0,sleeping,0,0
1748146577.6703007,28,migration/2,0.0,0.0,0.45,1,16653,0,0,0,0.0,0,,,0,0,0,0,0,0,0,0,0,0,sleeping,0,0
1748146577.6727445,29,ksoftirqd/2,0.0,0.0,0.0,1,1295,9,0,0,0.0,0,,,0,0,0,0,0,0,0,0,0,0,sleeping,0,0
1748146577.6751804,31,kworker/2:0H-events_highpri,0.0,0.0,0.0,1,4,0,0,0,0.0,0,,,0,0,0,0,0,0,0,0,0,0,idle,-20,0
1748146577.6776702,32,cpuhp/4,0.0,0.0,0.0,1,26,2,0,0,0.0,0,,,0,0,0,0,0,0,0,0,0,0,sleeping,0,0
1748146577.6801317,33,idle_inject/4,0.0,0.0,0.0,1,3,0,0,0,0.0,0,,,0,0,0,0,0,0,0,0,0,0,sleeping,0,0
1748146577.6825736,34,migration/4,0.0,0.0,0.26,1,9585,0,0,0,0.0,0,,,0,0,0,0,0,0,0,0,0,0,sleeping,0,0
1748146577.6852694,35,ksoftirqd/4,0.0,0.0,0.01,1,2136,7,0,0,0.0,0,,,0,0,0,0,0,0,0,0,0,0,sleeping,0,0
1748146577.6879344,37,kworker/4:0H-events_highpri,0.0,0.0,0.0,1,4,0,0,0,0.0,0,,,0,0,0,0,0,0,0,0,0,0,idle,-20,0
1748146577.6905308,38,cpuhp/6,0.0,0.0,0.0,1,26,0,0,0,0.0,0,,,0,0,0,0,0,0,0,0,0,0,sleeping,0,0
1748146577.6929903,39,idle_inject/6,0.0,0.0,0.0,1,3,0,0,0,0.0,0,,,0,0,0,0,0,0,0,0,0,0,sleeping,0,0
1748146577.6953855,40,migration/6,0.0,0.0,0.24,1,7570,0,0,0,0.0,0,,,0,0,0,0,0,0,0,0,0,0,sleeping,0,0
1748146577.6978295,41,ksoftirqd/6,0.0,0.02,0.0,1,2468,9,0,0,0.0,0,,,0,0,0,0,0,0,0,0,0,0,sleeping,0,1
1748146577.7003083,43,kworker/6:0H-events_highpri,0.0,0.0,0.0,1,4,0,0,0,0.0,0,,,0,0,0,0,0,0,0,0,0,0,idle,-20,0
1748146577.7030797,44,cpuhp/8,0.0,0.0,0.0,1,26,0,0,0,0.0,0,,,0,0,0,0,0,0,0,0,0,0,sleeping,0,0
1748146577.705768,45,idle_inject/8,0.0,0.0,0.0,1,3,0,0,0,0.0,0,,,0,0,0,0,0,0,0,0,0,0,sleeping,0,0
1748146577.7083638,46,migration/8,0.0,0.0,0.63,1,24285,0,0,0,0.0,0,,,0,0,0,0,0,0,0,0,0,0,sleeping,0,0
1748146577.7108586,47,ksoftirqd/8,0.0,0.0,0.0,1,1043,4,0,0,0.0,0,,,0,0,0,0,0,0,0,0,0,0,sleeping,0,0
1748146577.713302,49,kworker/8:0H-i915_cleanup,0.0,0.0,0.34,1,15535,12,0,0,0.0,0,,,0,0,0,0,0,0,0,0,0,0,idle,-20,0
1748146577.715777,50,cpuhp/10,0.0,0.0,0.0,1,26,0,0,0,0.0,0,,,0,0,0,0,0,0,0,0,0,0,sleeping,0,0
1748146577.7182631,51,idle_inject/10,0.0,0.0,0.0,1,3,0,0,0,0.0,0,,,0,0,0,0,0,0,0,0,0,0,sleeping,0,0
1748146577.7207434,52,migration/10,0.0,0.0,0.52,1,20079,0,0,0,0.0,0,,,0,0,0,0,0,0,0,0,0,0,sleeping,0,0
1748146577.7231874,53,ksoftirqd/10,0.0,0.0,0.0,1,880,5,0,0,0.0,0,,,0,0,0,0,0,0,0,0,0,0,sleeping,0,0
1748146577.7256324,55,kworker/10:0H-events_highpri,0.0,0.0,0.0,1,4,0,0,0,0.0,0,,,0,0,0,0,0,0,0,0,0,0,idle,-20,0
1748146577.7280884,56,rcub/2,0.0,0.0,0.0,1,31,0,0,0,0.0,0,,,0,0,0,0,0,0,0,0,0,0,sleeping,0,0
1748146577.7305462,57,rcu_exp_par_gp_kthread_worker/2,0.0,0.0,0.0,1,2,0,0,0,0.0,0,,,0,0,0,0,0,0,0,0,0,0,sleeping,0,0
1748146577.7330103,58,cpuhp/12,0.0,0.0,0.0,1,26,1,0,0,0.0,0,,,0,0,0,0,0,0,0,0,0,0,sleeping,0,0
1748146577.735603,59,idle_inject/12,0.0,0.0,0.0,1,3,0,0,0,0.0,0,,,0,0,0,0,0,0,0,0,0,0,sleeping,0,1
1748146577.738077,60,migration/12,0.0,0.0,1.49,1,66520,0,0,0,0.0,0,,,0,0,0,0,0,0,0,0,0,0,sleeping,0,0
1748146577.7405515,61,ksoftirqd/12,0.0,0.0,0.03,1,1055,5,0,0,0.0,0,,,0,0,0,0,0,0,0,0,0,0,sleeping,0,0
1748146577.743062,63,kworker/12:0H-events_highpri,0.0,0.0,0.0,1,5,0,0,0,0.0,0,,,0,0,0,0,0,0,0,0,0,0,idle,-20,1
1748146577.7456124,64,cpuhp/13,0.0,0.0,0.0,1,26,1,0,0,0.0,0,,,0,0,0,0,0,0,0,0,0,0,sleeping,0,0
1748146577.748131,65,idle_inject/13,0.0,0.0,0.0,1,3,0,0,0,0.0,0,,,0,0,0,0,0,0,0,0,0,0,sleeping,0,0
1748146577.7505696,66,migration/13,0.0,0.0,1.13,1,46090,0,0,0,0.0,0,,,0,0,0,0,0,0,0,0,0,0,sleeping,0,0
1748146577.753074,67,ksoftirqd/13,0.0,0.0,0.02,1,902,6,0,0,0.0,0,,,0,0,0,0,0,0,0,0,0,0,sleeping,0,0
1748146577.7555332,69,kworker/13:0H-events_highpri,0.0,0.0,0.0,1,4,0,0,0,0.0,0,,,0,0,0,0,0,0,0,0,0,0,idle,-20,0
1748146577.7580907,70,cpuhp/14,0.0,0.0,0.0,1,26,3,0,0,0.0,0,,,0,0,0,0,0,0,0,0,0,0,sleeping,0,0
1748146577.7606242,71,idle_inject/14,0.0,0.0,0.0,1,3,0,0,0,0.0,0,,,0,0,0,0,0,0,0,0,0,0,sleeping,0,0
1748146577.7632036,72,migration/14,0.0,0.0,0.87,1,33933,0,0,0,0.0,0,,,0,0,0,0,0,0,0,0,0,0,sleeping,0,0
1748146577.7657382,73,ksoftirqd/14,0.0,0.0,0.02,1,897,5,0,0,0.0,0,,,0,0,0,0,0,0,0,0,0,0,sleeping,0,0
1748146577.7682984,75,kworker/14:0H-events_highpri,0.0,0.0,0.0,1,4,0,0,0,0.0,0,,,0,0,0,0,0,0,0,0,0,0,idle,-20,1
1748146577.7708461,76,cpuhp/15,0.0,0.0,0.0,1,26,2,0,0,0.0,0,,,0,0,0,0,0,0,0,0,0,0,sleeping,0,0
1748146577.7733245,77,idle_inject/15,0.0,0.0,0.0,1,3,0,0,0,0.0,0,,,0,0,0,0,0,0,0,0,0,0,sleeping,0,0
1748146577.7757566,78,migration/15,0.0,0.0,0.75,1,28089,0,0,0,0.0,0,,,0,0,0,0,0,0,0,0,0,0,sleeping,0,0
1748146577.7783492,79,ksoftirqd/15,0.0,0.0,0.0,1,650,5,0,0,0.0,0,,,0,0,0,0,0,0,0,0,0,0,sleeping,0,1
1748146577.7808208,80,kworker/15:0-events,0.0,0.0,0.8,1,13101,49,0,0,0.0,0,,,0,0,0,0,0,0,0,0,0,0,idle,0,0
1748146577.7833102,81,kworker/15:0H-events_highpri,0.0,0.0,0.0,1,4,0,0,0,0.0,0,,,0,0,0,0,0,0,0,0,0,0,idle,-20,0
1748146577.7858272,82,cpuhp/16,0.0,0.0,0.0,1,26,2,0,0,0.0,0,,,0,0,0,0,0,0,0,0,0,0,sleeping,0,0
1748146577.7883754,83,idle_inject/16,0.0,0.0,0.0,1,3,0,0,0,0.0,0,,,0,0,0,0,0,0,0,0,0,0,sleeping,0,0
1748146577.7908387,84,migration/16,0.0,0.0,0.43,1,15146,0,0,0,0.0,0,,,0,0,0,0,0,0,0,0,0,0,sleeping,0,0
1748146577.7933087,85,ksoftirqd/16,0.0,0.0,0.03,1,1541,5,0,0,0.0,0,,,0,0,0,0,0,0,0,0,0,0,sleeping,0,0
1748146577.7957664,87,kworker/16:0H-events_highpri,0.0,0.0,0.0,1,4,0,0,0,0.0,0,,,0,0,0,0,0,0,0,0,0,0,idle,-20,0
1748146577.7983363,88,cpuhp/17,0.0,0.0,0.0,1,26,4,0,0,0.0,0,,,0,0,0,0,0,0,0,0,0,0,sleeping,0,0
1748146577.8008842,89,idle_inject/17,0.0,0.0,0.0,1,3,0,0,0,0.0,0,,,0,0,0,0,0,0,0,0,0,0,sleeping,0,0
1748146577.8034847,90,migration/17,0.0,0.0,0.38,1,12507,0,0,0,0.0,0,,,0,0,0,0,0,0,0,0,0,0,sleeping,0,0
1748146577.8060536,91,ksoftirqd/17,0.0,0.0,0.0,1,508,3,0,0,0.0,0,,,0,0,0,0,0,0,0,0,0,0,sleeping,0,0
1748146577.8085704,92,kworker/17:0-mm_percpu_wq,0.0,0.0,0.41,1,8154,34,0,0,0.0,0,,,0,0,0,0,0,0,0,0,0,0,idle,0,0
1748146577.8111649,93,kworker/17:0H-events_highpri,0.0,0.0,0.0,1,4,0,0,0,0.0,0,,,0,0,0,0,0,0,0,0,0,0,idle,-20,0
1748146577.8137443,94,cpuhp/18,0.0,0.0,0.0,1,26,1,0,0,0.0,0,,,0,0,0,0,0,0,0,0,0,0,sleeping,0,0
1748146577.8163543,95,idle_inject/18,0.0,0.0,0.0,1,3,0,0,0,0.0,0,,,0,0,0,0,0,0,0,0,0,0,sleeping,0,0
1748146577.8189158,96,migration/18,0.0,0.0,0.34,1,11110,0,0,0,0.0,0,,,0,0,0,0,0,0,0,0,0,0,sleeping,0,0
1748146577.821559,97,ksoftirqd/18,0.0,0.0,0.01,1,612,3,0,0,0.0,0,,,0,0,0,0,0,0,0,0,0,0,sleeping,0,0
1748146577.8242111,98,kworker/18:0-cgroup_destroy,0.0,0.0,0.0,1,10,0,0,0,0.0,0,,,0,0,0,0,0,0,0,0,0,0,idle,0,0
1748146577.8267627,99,kworker/18:0H-events_highpri,0.0,0.0,0.0,1,4,0,0,0,0.0,0,,,0,0,0,0,0,0,0,0,0,0,idle,-20,0
1748146577.8293884,100,cpuhp/19,0.0,0.0,0.0,1,27,2,0,0,0.0,0,,,0,0,0,0,0,0,0,0,0,0,sleeping,0,0
1748146577.831965,101,idle_inject/19,0.0,0.0,0.0,1,3,0,0,0,0.0,0,,,0,0,0,0,0,0,0,0,0,0,sleeping,0,0
1748146577.8345098,102,migration/19,0.0,0.0,0.31,1,9605,0,0,0,0.0,0,,,0,0,0,0,0,0,0,0,0,0,sleeping,0,0
1748146577.8371096,103,ksoftirqd/19,0.0,0.0,0.0,1,505,1,0,0,0.0,0,,,0,0,0,0,0,0,0,0,0,0,sleeping,0,0
1748146577.8397074,104,kworker/19:0-mm_percpu_wq,0.0,0.0,0.3,1,7021,6,0,0,0.0,0,,,0,0,0,0,0,0,0,0,0,0,idle,0,0
1748146577.842311,105,kworker/19:0H-events_highpri,0.0,0.0,0.0,1,4,0,0,0,0.0,0,,,0,0,0,0,0,0,0,0,0,0,idle,-20,0
1748146577.844858,106,cpuhp/1,0.0,0.0,0.0,1,26,0,0,0,0.0,0,,,0,0,0,0,0,0,0,0,0,0,sleeping,0,1
1748146577.8473675,107,idle_inject/1,0.0,0.0,0.0,1,3,0,0,0,0.0,0,,,0,0,0,0,0,0,0,0,0,0,sleeping,0,0
1748146577.849909,108,migration/1,0.0,0.0,0.18,1,4185,0,0,0,0.0,0,,,0,0,0,0,0,0,0,0,0,0,sleeping,0,0
1748146577.8524642,109,ksoftirqd/1,0.0,0.0,0.02,1,5776,7,0,0,0.0,0,,,0,0,0,0,0,0,0,0,0,0,sleeping,0,0
1748146577.8550572,111,kworker/1:0H-events_highpri,0.0,0.0,0.0,1,4,0,0,0,0.0,0,,,0,0,0,0,0,0,0,0,0,0,idle,-20,0
1748146577.857603,112,cpuhp/3,0.0,0.0,0.0,1,26,3,0,0,0.0,0,,,0,0,0,0,0,0,0,0,0,0,sleeping,0,0
1748146577.860149,113,idle_inject/3,0.0,0.0,0.0,1,3,0,0,0,0.0,0,,,0,0,0,0,0,0,0,0,0,0,sleeping,0,0
1748146577.862702,114,migration/3,0.0,0.0,0.18,1,3531,0,0,0,0.0,0,,,0,0,0,0,0,0,0,0,0,0,sleeping,0,0
1748146577.8652718,115,ksoftirqd/3,0.0,0.0,0.0,1,649,2,0,0,0.0,0,,,0,0,0,0,0,0,0,0,0,0,sleeping,0,0
1748146577.8678226,117,kworker/3:0H-events_highpri,0.0,0.0,0.0,1,4,0,0,0,0.0,0,,,0,0,0,0,0,0,0,0,0,0,idle,-20,0
1748146577.870389,118,cpuhp/5,0.0,0.0,0.0,1,26,2,0,0,0.0,0,,,0,0,0,0,0,0,0,0,0,0,sleeping,0,0
1748146577.872957,119,idle_inject/5,0.0,0.0,0.0,1,3,0,0,0,0.0,0,,,0,0,0,0,0,0,0,0,0,0,sleeping,0,0
1748146577.8755264,120,migration/5,0.0,0.0,0.17,1,3059,0,0,0,0.0,0,,,0,0,0,0,0,0,0,0,0,0,sleeping,0,0
1748146577.8781047,121,ksoftirqd/5,0.0,0.0,0.0,1,914,4,0,0,0.0,0,,,0,0,0,0,0,0,0,0,0,0,sleeping,0,0
1748146577.8807015,123,kworker/5:0H-events_highpri,0.0,0.0,0.0,1,4,0,0,0,0.0,0,,,0,0,0,0,0,0,0,0,0,0,idle,-20,0
1748146577.883334,124,cpuhp/7,0.0,0.0,0.0,1,26,2,0,0,0.0,0,,,0,0,0,0,0,0,0,0,0,0,sleeping,0,0
1748146577.886002,125,idle_inject/7,0.0,0.0,0.0,1,3,0,0,0,0.0,0,,,0,0,0,0,0,0,0,0,0,0,sleeping,0,0
1748146577.888676,126,migration/7,0.0,0.0,0.16,1,2629,0,0,0,0.0,0,,,0,0,0,0,0,0,0,0,0,0,sleeping,0,0
1748146577.8913696,127,ksoftirqd/7,0.0,0.0,0.0,1,534,1,0,0,0.0,0,,,0,0,0,0,0,0,0,0,0,0,sleeping,0,0
1748146577.8940303,129,kworker/7:0H-events_highpri,0.0,0.0,0.0,1,4,0,0,0,0.0,0,,,0,0,0,0,0,0,0,0,0,0,idle,-20,0
1748146577.896714,130,cpuhp/9,0.0,0.0,0.0,1,26,3,0,0,0.0,0,,,0,0,0,0,0,0,0,0,0,0,sleeping,0,0
1748146577.8993456,131,idle_inject/9,0.0,0.0,0.0,1,3,0,0,0,0.0,0,,,0,0,0,0,0,0,0,0,0,0,sleeping,0,0
1748146577.9018676,132,migration/9,0.0,0.0,0.17,1,3320,0,0,0,0.0,0,,,0,0,0,0,0,0,0,0,0,0,sleeping,0,0
1748146577.904364,133,ksoftirqd/9,0.0,0.0,0.0,1,235,2,0,0,0.0,0,,,0,0,0,0,0,0,0,0,0,0,sleeping,0,0
1748146577.9069517,135,kworker/9:0H-events_highpri,0.0,0.0,0.0,1,4,0,0,0,0.0,0,,,0,0,0,0,0,0,0,0,0,0,idle,-20,0
1748146577.909499,136,cpuhp/11,0.0,0.0,0.0,1,26,3,0,0,0.0,0,,,0,0,0,0,0,0,0,0,0,0,sleeping,0,0
1748146577.9120932,137,idle_inject/11,0.0,0.0,0.0,1,3,0,0,0,0.0,0,,,0,0,0,0,0,0,0,0,0,0,sleeping,0,0
1748146577.914645,138,migration/11,0.0,0.0,0.17,1,3340,0,0,0,0.0,0,,,0,0,0,0,0,0,0,0,0,0,sleeping,0,0
1748146577.917219,139,ksoftirqd/11,0.0,0.0,0.0,1,199,2,0,0,0.0,0,,,0,0,0,0,0,0,0,0,0,0,sleeping,0,0
1748146577.919774,141,kworker/11:0H-events_highpri,0.0,0.0,0.0,1,4,0,0,0,0.0,0,,,0,0,0,0,0,0,0,0,0,0,idle,-20,0
1748146577.922409,142,kdevtmpfs,0.0,0.0,0.0,1,302,4,0,0,0.0,0,,,0,0,0,0,0,0,0,0,0,0,sleeping,0,1
1748146577.9250326,143,kworker/R-inet_frag_wq,0.0,0.0,0.0,1,2,0,0,0,0.0,0,,,0,0,0,0,0,0,0,0,0,0,idle,-20,0
1748146577.927658,144,kauditd,0.0,0.0,0.0,1,2,0,0,0,0.0,0,,,0,0,0,0,0,0,0,0,0,0,sleeping,0,0
1748146577.9303381,145,khungtaskd,0.0,0.02,0.0,1,57,6,0,0,0.0,0,,,0,0,0,0,0,0,0,0,0,0,sleeping,0,0
1748146577.933116,146,oom_reaper,0.0,0.0,0.0,1,2,0,0,0,0.0,0,,,0,0,0,0,0,0,0,0,0,0,sleeping,0,0
1748146577.9358754,148,kworker/R-writeback,0.0,0.0,0.0,1,2,0,0,0,0.0,0,,,0,0,0,0,0,0,0,0,0,0,idle,-20,0
1748146577.9385207,149,kcompactd0,0.0,0.08,0.19,1,13452,47,0,0,0.0,0,,,0,0,0,0,0,0,0,0,0,0,sleeping,0,0
1748146577.941127,150,ksmd,0.0,0.0,0.0,1,2,0,0,0,0.0,0,,,0,0,0,0,0,0,0,0,0,0,sleeping,5,0
1748146577.9437008,151,khugepaged,0.0,0.0,0.7,1,2280,176,0,0,0.0,0,,,0,0,0,0,0,0,0,0,0,0,sleeping,19,0
1748146577.9462628,152,kworker/R-kintegrityd,0.0,0.0,0.0,1,2,0,0,0,0.0,0,,,0,0,0,0,0,0,0,0,0,0,idle,-20,0
1748146577.9488292,153,kworker/R-kblockd,0.0,0.0,0.0,1,2,0,0,0,0.0,0,,,0,0,0,0,0,0,0,0,0,0,idle,-20,0
1748146577.9514084,154,kworker/R-blkcg_punt_bio,0.0,0.0,0.0,1,2,0,0,0,0.0,0,,,0,0,0,0,0,0,0,0,0,0,idle,-20,0
1748146577.9539905,156,kworker/17:1-rcu_gp,0.0,0.0,0.0,1,81,1,0,0,0.0,0,,,0,0,0,0,0,0,0,0,0,0,idle,0,0
1748146577.9565861,157,irq/9-acpi,0.0,0.0,2.92,1,20114,1,0,0,0.0,0,,,0,0,0,0,0,0,0,0,0,0,sleeping,0,0
1748146577.9591923,159,kworker/R-tpm_dev_wq,0.0,0.0,0.0,1,2,0,0,0,0.0,0,,,0,0,0,0,0,0,0,0,0,0,idle,-20,1
1748146577.9619405,160,kworker/R-ata_sff,0.0,0.0,0.0,1,2,0,0,0,0.0,0,,,0,0,0,0,0,0,0,0,0,0,idle,-20,0
1748146577.9646,161,kworker/R-edac-poller,0.0,0.0,0.0,1,2,0,0,0,0.0,0,,,0,0,0,0,0,0,0,0,0,0,idle,-20,0
1748146577.9672432,162,kworker/R-devfreq_wq,0.0,0.0,0.0,1,2,0,0,0,0.0,0,,,0,0,0,0,0,0,0,0,0,0,idle,-20,0
1748146577.9698937,163,watchdogd,0.0,0.0,0.0,1,2,0,0,0,0.0,0,,,0,0,0,0,0,0,0,0,0,0,sleeping,0,0
1748146577.9725378,166,kworker/16:1H-i915_cleanup,0.0,0.0,0.11,1,5088,8,0,0,0.0,0,,,0,0,0,0,0,0,0,0,0,0,idle,-20,0
1748146577.9752061,168,kswapd0,0.0,0.0,0.0,1,3,0,0,0,0.0,0,,,0,0,0,0,0,0,0,0,0,0,sleeping,0,0
1748146577.9778829,169,kworker/R-kthrotld,0.0,0.0,0.0,1,2,0,0,0,0.0,0,,,0,0,0,0,0,0,0,0,0,0,idle,-20,0
1748146577.9806657,170,irq/123-pciehp,0.0,0.0,0.0,1,2,1,0,0,0.0,0,,,0,0,0,0,0,0,0,0,0,0,sleeping,0,0
1748146577.9833636,171,irq/124-pciehp,0.0,0.0,0.0,1,2,1,0,0,0.0,0,,,0,0,0,0,0,0,0,0,0,0,sleeping,0,0
1748146577.9860084,172,kworker/R-acpi_thermal_pm,0.0,0.0,0.0,1,2,0,0,0,0.0,0,,,0,0,0,0,0,0,0,0,0,0,idle,-20,0
1748146577.988679,176,hwrng,0.0,0.0,1.27,1,4660,91,0,0,0.0,0,,,0,0,0,0,0,0,0,0,0,0,sleeping,0,0
1748146577.991317,179,kworker/R-hfi-updates,0.0,0.0,0.0,1,2,0,0,0,0.0,0,,,0,0,0,0,0,0,0,0,0,0,idle,-20,0
1748146577.9939945,180,kworker/R-mld,0.0,0.0,0.0,1,2,0,0,0,0.0,0,,,0,0,0,0,0,0,0,0,0,0,idle,-20,0
1748146577.996635,181,kworker/R-ipv6_addrconf,0.0,0.0,0.0,1,2,0,0,0,0.0,0,,,0,0,0,0,0,0,0,0,0,0,idle,-20,0
1748146577.9993923,182,kworker/17:1H-i915_cleanup,0.0,0.0,0.08,1,3977,5,0,0,0.0,0,,,0,0,0,0,0,0,0,0,0,0,idle,-20,0
1748146578.0020971,193,kworker/R-kstrp,0.0,0.0,0.0,1,2,0,0,0,0.0,0,,,0,0,0,0,0,0,0,0,0,0,idle,-20,0
1748146578.004751,198,kworker/14:2-events,0.0,0.0,1.16,1,12573,72,0,0,0.0,0,,,0,0,0,0,0,0,0,0,0,0,idle,0,0
1748146578.0074272,207,kworker/R-zswap-shrink,0.0,0.0,0.0,1,2,0,0,0,0.0,0,,,0,0,0,0,0,0,0,0,0,0,idle,-20,0
1748146578.010121,209,kworker/0:1H-kblockd,0.0,0.0,0.14,1,7031,7,0,0,0.0,0,,,0,0,0,0,0,0,0,0,0,0,idle,-20,0
1748146578.0128407,210,kworker/15:1H-i915_cleanup,0.0,0.0,0.21,1,10431,22,0,0,0.0,0,,,0,0,0,0,0,0,0,0,0,0,idle,-20,0
1748146578.0155203,211,kworker/1:1H-kblockd,0.0,0.0,0.01,1,1147,4,0,0,0.0,0,,,0,0,0,0,0,0,0,0,0,0,idle,-20,0
1748146578.0181782,213,kworker/6:1H-kblockd,0.0,0.0,0.41,1,19634,12,0,0,0.0,0,,,0,0,0,0,0,0,0,0,0,0,idle,-20,0
1748146578.0208063,214,kworker/4:1H-i915_cleanup,0.0,0.0,0.47,1,20554,30,0,0,0.0,0,,,0,0,0,0,0,0,0,0,0,0,idle,-20,0
1748146578.0234435,218,kworker/5:1H-kblockd,0.0,0.0,0.05,1,3017,1,0,0,0.0,0,,,0,0,0,0,0,0,0,0,0,0,idle,-20,0
1748146578.026096,255,kworker/18:1H-i915_cleanup,0.0,0.0,0.06,1,2906,3,0,0,0.0,0,,,0,0,0,0,0,0,0,0,0,0,idle,-20,0
1748146578.028757,263,kworker/8:1H-events_highpri,0.0,0.0,0.0,1,2,0,0,0,0.0,0,,,0,0,0,0,0,0,0,0,0,0,idle,-20,0
1748146578.03141,264,kworker/19:1H-i915_cleanup,0.0,0.0,0.04,1,2161,1,0,0,0.0,0,,,0,0,0,0,0,0,0,0,0,0,idle,-20,0
1748146578.0340707,268,kworker/10:1H-i915_cleanup,0.0,0.0,0.3,1,15418,23,0,0,0.0,0,,,0,0,0,0,0,0,0,0,0,0,idle,-20,0
1748146578.0367289,270,kworker/12:1H-i915_cleanup,0.0,0.0,0.19,1,9732,8,0,0,0.0,0,,,0,0,0,0,0,0,0,0,0,0,idle,-20,0
1748146578.0393796,273,kworker/2:1H-i915_cleanup,0.0,0.0,0.38,1,17114,22,0,0,0.0,0,,,0,0,0,0,0,0,0,0,0,0,idle,-20,1
1748146578.0420327,275,kworker/13:1H-kblockd,0.0,0.0,1.22,1,50675,64,0,0,0.0,0,,,0,0,0,0,0,0,0,0,0,0,idle,-20,0
1748146578.0446742,412,kworker/14:1H-i915_cleanup,0.0,0.0,0.51,1,22445,28,0,0,0.0,0,,,0,0,0,0,0,0,0,0,0,0,idle,-20,0
1748146578.0473256,424,kworker/R-rpciod,0.0,0.0,0.0,1,2,0,0,0,0.0,0,,,0,0,0,0,0,0,0,0,0,0,idle,-20,0
1748146578.0499983,425,kworker/R-xprtiod,0.0,0.0,0.0,1,2,0,0,0,0.0,0,,,0,0,0,0,0,0,0,0,0,0,idle,-20,0
1748146578.0526705,527,kworker/9:1H-kblockd,0.0,0.0,0.02,1,1542,1,0,0,0.0,0,,,0,0,0,0,0,0,0,0,0,0,idle,-20,0
1748146578.0554092,540,kworker/11:1H-kblockd,0.0,0.0,0.03,1,2266,10,0,0,0.0,0,,,0,0,0,0,0,0,0,0,0,0,idle,-20,0
1748146578.058292,541,kworker/7:1H-kblockd,0.0,0.0,0.05,1,2922,1,0,0,0.0,0,,,0,0,0,0,0,0,0,0,0,0,idle,-20,0
1748146578.0625134,550,kworker/3:1H-kblockd,0.0,0.0,0.03,1,1960,4,0,0,0.0,0,,,0,0,0,0,0,0,0,0,0,0,idle,-20,0
1748146578.0659482,639,kworker/R-cryptd,0.0,0.0,0.0,1,2,0,0,0,0.0,0,,,0,0,0,0,0,0,0,0,0,0,idle,-20,0
1748146578.0689604,640,nv_queue,0.0,0.0,0.0,1,2,0,0,0,0.0,0,,,0,0,0,0,0,0,0,0,0,0,sleeping,0,0
1748146578.0716972,641,nv_queue,0.0,0.0,0.0,1,2,0,0,0,0.0,0,,,0,0,0,0,0,0,0,0,0,0,sleeping,0,0
1748146578.0744393,642,nv_open_q,0.0,0.0,0.0,1,2,0,0,0,0.0,0,,,0,0,0,0,0,0,0,0,0,0,sleeping,0,0
1748146578.0770826,649,irq/39-ELAN2D25:00,0.0,0.0,0.0,1,29,1,0,0,0.0,0,,,0,0,0,0,0,0,0,0,0,0,sleeping,0,0
1748146578.0797198,650,irq/164-VEN_06CB:00,0.0,0.0,22.66,1,324106,820,0,0,0.0,0,,,0,0,0,0,0,0,0,0,0,0,sleeping,0,0
1748146578.0823522,655,kworker/R-ttm,0.0,0.0,0.0,1,2,0,0,0,0.0,0,,,0,0,0,0,0,0,0,0,0,0,idle,-20,0
1748146578.0849001,657,nvidia-modeset/kthread_q,0.0,0.0,0.0,1,2,0,0,0,0.0,0,,,0,0,0,0,0,0,0,0,0,0,sleeping,0,0
1748146578.0875497,658,nvidia-modeset/deferred_close_kthread_q,0.0,0.0,0.0,1,2,0,0,0,0.0,0,,,0,0,0,0,0,0,0,0,0,0,sleeping,0,0
1748146578.0901923,660,irq/165-nvidia,0.0,0.0,0.0,1,5,1,0,0,0.0,0,,,0,0,0,0,0,0,0,0,0,0,sleeping,0,0
1748146578.0928276,661,nvidia,0.0,0.0,0.0,1,2,0,0,0,0.0,0,,,0,0,0,0,0,0,0,0,0,0,sleeping,0,0
1748146578.0955102,662,card1-crtc0,0.0,0.0,0.0,1,6,0,0,0,0.0,0,,,0,0,0,0,0,0,0,0,0,0,sleeping,0,0
1748146578.0982234,663,nv_queue,0.0,0.0,0.0,1,21,4,0,0,0.0,0,,,0,0,0,0,0,0,0,0,0,0,sleeping,0,0
1748146578.1009042,664,card1-crtc1,0.0,0.0,0.0,1,2,0,0,0,0.0,0,,,0,0,0,0,0,0,0,0,0,0,sleeping,0,0
1748146578.1035109,665,card1-crtc2,0.0,0.0,0.0,1,2,0,0,0,0.0,0,,,0,0,0,0,0,0,0,0,0,0,sleeping,0,0
1748146578.106092,666,card1-crtc3,0.0,0.0,0.0,1,2,0,0,0,0.0,0,,,0,0,0,0,0,0,0,0,0,0,sleeping,0,0
1748146578.108664,668,kworker/R-nvme-wq,0.0,0.0,0.0,1,2,0,0,0,0.0,0,,,0,0,0,0,0,0,0,0,0,0,idle,-20,0
1748146578.111314,669,kworker/R-nvme-reset-wq,0.0,0.0,0.0,1,2,0,0,0,0.0,0,,,0,0,0,0,0,0,0,0,0,0,idle,-20,0
1748146578.1139789,670,kworker/R-nvme-delete-wq,0.0,0.0,0.0,1,2,0,0,0,0.0,0,,,0,0,0,0,0,0,0,0,0,0,idle,-20,0
1748146578.1166346,671,kworker/R-nvme-auth-wq,0.0,0.0,0.0,1,2,0,0,0,0.0,0,,,0,0,0,0,0,0,0,0,0,0,idle,-20,0
1748146578.119386,672,kworker/R-USBC000:00-con1,0.0,0.0,0.0,1,2,0,0,0,0.0,0,,,0,0,0,0,0,0,0,0,0,0,idle,-20,0
1748146578.1220555,684,kworker/R-USBC000:00-con2,0.0,0.0,0.0,1,2,0,0,0,0.0,0,,,0,0,0,0,0,0,0,0,0,0,idle,-20,0
1748146578.1247056,688,UVM global queue,0.0,0.0,0.0,1,2,0,0,0,0.0,0,,,0,0,0,0,0,0,0,0,0,0,sleeping,0,0
1748146578.1273792,689,UVM deferred release queue,0.0,0.0,0.0,1,2,0,0,0,0.0,0,,,0,0,0,0,0,0,0,0,0,0,sleeping,0,0
1748146578.130047,690,UVM Tools Event Queue,0.0,0.0,0.0,1,2,0,0,0,0.0,0,,,0,0,0,0,0,0,0,0,0,0,sleeping,0,0
1748146578.132752,694,kworker/R-iprt-VBoxWQueue,0.0,0.0,0.0,1,2,0,0,0,0.0,0,,,0,0,0,0,0,0,0,0,0,0,idle,-20,0
1748146578.1354973,703,iprt-VBoxTscThread,0.0,0.0,0.0,1,114,0,0,0,0.0,0,,,0,0,0,0,0,0,0,0,0,0,sleeping,0,0
1748146578.1381896,708,kworker/R-USBC000:00-con3,0.0,0.0,0.0,1,2,0,0,0,0.0,0,,,0,0,0,0,0,0,0,0,0,0,idle,-20,0
1748146578.1411345,757,kworker/R-kdmflush/253:0,0.0,0.0,0.0,1,2,0,0,0,0.0,0,,,0,0,0,0,0,0,0,0,0,0,idle,-20,0
1748146578.1440408,761,kworker/R-kcryptd_io-253:0-1,0.0,0.0,0.0,1,2,0,0,0,0.0,0,,,0,0,0,0,0,0,0,0,0,0,idle,-20,0
1748146578.1467884,762,kworker/R-kcryptd-253:0-1,0.0,0.0,0.0,1,2,0,0,0,0.0,0,,,0,0,0,0,0,0,0,0,0,0,idle,-20,0
1748146578.1495142,763,dmcrypt_write/253:0,0.0,0.0,0.0,1,2,0,0,0,0.0,0,,,0,0,0,0,0,0,0,0,0,0,sleeping,0,0
1748146578.1521053,788,kworker/R-btrfs-worker,0.0,0.0,0.0,1,2,0,0,0,0.0,0,,,0,0,0,0,0,0,0,0,0,0,idle,-20,0
1748146578.1547503,789,kworker/R-btrfs-delalloc,0.0,0.0,0.0,1,2,0,0,0,0.0,0,,,0,0,0,0,0,0,0,0,0,0,idle,-20,0
1748146578.157392,790,kworker/R-btrfs-flush_delalloc,0.0,0.0,0.0,1,2,0,0,0,0.0,0,,,0,0,0,0,0,0,0,0,0,0,idle,-20,0
1748146578.160047,791,kworker/R-btrfs-cache,0.0,0.0,0.0,1,2,0,0,0,0.0,0,,,0,0,0,0,0,0,0,0,0,0,idle,-20,0
1748146578.1627357,792,kworker/R-btrfs-fixup,0.0,0.0,0.0,1,2,0,0,0,0.0,0,,,0,0,0,0,0,0,0,0,0,0,idle,-20,0
1748146578.1654513,793,kworker/R-btrfs-endio,0.0,0.0,0.0,1,2,0,0,0,0.0,0,,,0,0,0,0,0,0,0,0,0,0,idle,-20,0
1748146578.1683211,794,kworker/R-btrfs-endio-meta,0.0,0.0,0.0,1,2,0,0,0,0.0,0,,,0,0,0,0,0,0,0,0,0,0,idle,-20,0
1748146578.1710918,795,kworker/R-btrfs-rmw,0.0,0.0,0.0,1,2,0,0,0,0.0,0,,,0,0,0,0,0,0,0,0,0,0,idle,-20,0
1748146578.1738012,796,kworker/R-btrfs-endio-write,0.0,0.0,0.0,1,2,0,0,0,0.0,0,,,0,0,0,0,0,0,0,0,0,0,idle,-20,0
1748146578.1764605,797,kworker/R-btrfs-compressed-write,0.0,0.0,0.0,1,2,0,0,0,0.0,0,,,0,0,0,0,0,0,0,0,0,0,idle,-20,0
1748146578.1791391,798,kworker/R-btrfs-freespace-write,0.0,0.0,0.0,1,2,0,0,0,0.0,0,,,0,0,0,0,0,0,0,0,0,0,idle,-20,0
1748146578.1818106,799,kworker/R-btrfs-delayed-meta,0.0,0.0,0.0,1,2,0,0,0,0.0,0,,,0,0,0,0,0,0,0,0,0,0,idle,-20,0
1748146578.1845915,800,kworker/R-btrfs-qgroup-rescan,0.0,0.0,0.0,1,2,0,0,0,0.0,0,,,0,0,0,0,0,0,0,0,0,0,idle,-20,0
1748146578.1874037,801,btrfs-cleaner,0.0,0.0,0.08,1,1439,18,0,0,0.0,0,,,0,0,0,0,0,0,0,0,0,0,sleeping,0,0
1748146578.190134,802,btrfs-transaction,0.0,0.0,3.69,1,6988,1074,0,0,0.0,0,,,0,0,0,0,0,0,0,0,0,0,sleeping,0,0
1748146578.1927881,887,systemd-journald,0.0,0.1,0.23,1,1926,198,9703424,113991680,0.029139934047066957,8720384,,,0,0,0,0,0,0,0,0,0,0,sleeping,0,0
1748146578.1955009,889,systemd-oomd,0.0,1.17,3.13,1,5546,231,7307264,16023552,0.02194412931193223,6324224,,,0,0,0,0,0,0,0,0,0,0,sleeping,0,0
1748146578.1981816,912,systemd-userdbd,0.0,0.01,0.05,1,148,30,6209536,15450112,0.018647589706776494,5226496,,,0,0,0,0,0,0,0,0,0,3,sleeping,0,0
1748146578.2009873,925,psimon,0.0,0.0,0.0,1,35,0,0,0,0.0,0,,,0,0,0,0,0,0,0,0,0,0,sleeping,0,0
1748146578.203759,932,systemd-timesyncd,0.0,0.02,0.04,2,170,14,7770112,92041216,0.023334088175300135,6787072,,,0,0,0,0,0,0,0,0,0,0,sleeping,0,0
1748146578.206514,938,systemd-udevd,0.0,0.09,0.06,1,1303,309,10887168,37756928,0.03269478459143266,7446528,,,0,0,0,0,0,0,0,0,0,0,sleeping,0,0
1748146578.2092853,941,psimon,0.0,0.0,0.0,1,13,0,0,0,0.0,0,,,0,0,0,0,0,0,0,0,0,0,sleeping,0,0
1748146578.2119248,1098,kworker/R-cfg80211,0.0,0.0,0.0,1,2,0,0,0,0.0,0,,,0,0,0,0,0,0,0,0,0,0,idle,-20,0
1748146578.2147572,1109,irq/221-iwlwifi:default_queue,0.0,0.0,0.79,1,65817,4,0,0,0.0,0,,,0,0,0,0,0,0,0,0,0,0,sleeping,0,0
1748146578.2175345,1110,irq/222-iwlwifi:queue_1,0.0,0.0,0.05,1,3822,2,0,0,0.0,0,,,0,0,0,0,0,0,0,0,0,0,sleeping,0,0
1748146578.2202182,1111,irq/223-iwlwifi:queue_2,0.0,0.0,0.08,1,4915,2,0,0,0.0,0,,,0,0,0,0,0,0,0,0,0,0,sleeping,0,0
1748146578.2228622,1112,irq/224-iwlwifi:queue_3,0.0,0.0,0.05,1,3228,2,0,0,0.0,0,,,0,0,0,0,0,0,0,0,0,0,sleeping,0,0
1748146578.2255316,1113,irq/225-iwlwifi:queue_4,0.0,0.0,0.16,1,10110,2,0,0,0.0,0,,,0,0,0,0,0,0,0,0,0,0,sleeping,0,0
1748146578.2281978,1114,irq/226-iwlwifi:queue_5,0.0,0.0,0.07,1,7468,2,0,0,0.0,0,,,0,0,0,0,0,0,0,0,0,0,sleeping,0,0
1748146578.230905,1115,irq/227-iwlwifi:queue_6,0.0,0.0,0.06,1,4225,2,0,0,0.0,0,,,0,0,0,0,0,0,0,0,0,0,sleeping,0,0
1748146578.2336547,1116,irq/228-iwlwifi:queue_7,0.0,0.0,0.11,1,7805,2,0,0,0.0,0,,,0,0,0,0,0,0,0,0,0,0,sleeping,0,0
1748146578.2363796,1117,irq/229-iwlwifi:queue_8,0.0,0.0,0.04,1,3463,2,0,0,0.0,0,,,0,0,0,0,0,0,0,0,0,0,sleeping,0,0
1748146578.2390528,1118,irq/230-iwlwifi:queue_9,0.0,0.0,0.03,1,2829,2,0,0,0.0,0,,,0,0,0,0,0,0,0,0,0,0,sleeping,0,0
1748146578.2417495,1119,irq/231-iwlwifi:queue_10,0.0,0.0,0.05,1,4441,2,0,0,0.0,0,,,0,0,0,0,0,0,0,0,0,0,sleeping,0,0
1748146578.2445266,1120,irq/232-iwlwifi:queue_11,0.0,0.0,0.03,1,2794,2,0,0,0.0,0,,,0,0,0,0,0,0,0,0,0,0,sleeping,0,0
1748146578.2473185,1121,irq/233-iwlwifi:queue_12,0.0,0.0,0.03,1,2867,2,0,0,0.0,0,,,0,0,0,0,0,0,0,0,0,0,sleeping,0,0
1748146578.2499845,1122,irq/234-iwlwifi:queue_13,0.0,0.0,0.1,1,6437,3,0,0,0.0,0,,,0,0,0,0,0,0,0,0,0,0,sleeping,0,0
1748146578.2526999,1123,irq/235-iwlwifi:queue_14,0.0,0.0,0.16,1,11170,2,0,0,0.0,0,,,0,0,0,0,0,0,0,0,0,0,sleeping,0,0
1748146578.2555468,1124,irq/236-iwlwifi:exception,0.0,0.0,0.0,1,7,1,0,0,0.0,0,,,0,0,0,0,0,0,0,0,0,0,sleeping,0,0
1748146578.258258,1127,kworker/18:2-mm_percpu_wq,0.0,0.0,0.34,1,7504,39,0,0,0.0,0,,,0,0,0,0,0,0,0,0,0,0,idle,0,0
1748146578.2609236,1135,irq/16-processor_thermal_device_pci,0.0,0.0,0.0,1,2,1,0,0,0.0,0,,,0,0,0,0,0,0,0,0,0,0,sleeping,0,0
1748146578.2636023,1209,dbus-broker-launch,0.0,0.01,0.01,1,227,16,4096000,8744960,0.012300520914760218,3358720,,,0,0,0,0,0,0,0,0,0,1,sleeping,0,0
1748146578.2663608,1210,dbus-broker,0.0,0.5,0.59,1,21731,516,3690496,6152192,0.011082769344198959,2359296,,,0,0,0,0,0,0,0,0,0,0,sleeping,0,0
1748146578.2690446,1211,avahi-daemon,0.0,0.02,0.02,1,584,26,3989504,6610944,0.011980707370976453,3825664,,,0,0,0,0,0,0,0,0,0,1,sleeping,0,0
1748146578.2717097,1212,bluetoothd,0.0,0.01,0.01,1,156,36,4980736,10301440,0.014957433432348427,4816896,,,0,0,0,0,0,0,0,0,0,0,sleeping,0,0
1748146578.274366,1216,iio-sensor-proxy,0.0,0.01,0.01,4,138,25,6758400,316391424,0.02029585950935436,5939200,,,0,0,0,0,0,0,0,0,0,0,sleeping,0,0
1748146578.2770305,1218,polkitd,0.0,0.25,0.19,4,3643,673,12570624,395182080,0.03775029868739911,9396224,,,0,0,0,0,0,0,0,0,0,0,sleeping,0,0
1748146578.2798643,1219,systemd-logind,0.0,0.47,0.3,1,4839,478,8351744,16420864,0.025080762145196087,7061504,,,0,0,0,0,0,0,0,0,0,0,sleeping,0,0
1748146578.282529,1221,systemd-machined,0.0,0.25,0.19,1,17023,209,7372800,16056320,0.022140937646568395,6389760,,,0,0,0,0,0,0,0,0,0,0,sleeping,0,0
1748146578.2859912,1226,avahi-daemon,0.0,0.0,0.0,1,3,0,1523712,6610944,0.0045757937802908015,1175552,,,0,0,0,0,0,0,0,0,0,0,sleeping,0,0
1748146578.2886047,1260,ModemManager,0.0,0.01,0.01,4,225,17,12128256,400244736,0.03642184242860501,10326016,,,0,0,0,0,0,0,0,0,0,0,sleeping,0,0
1748146578.2912617,1261,boltd,0.0,0.01,0.01,4,278,24,8957952,316153856,0.026901239240580598,8466432,,,0,0,0,0,0,0,0,0,0,0,sleeping,0,0
1748146578.293896,1262,firewalld,0.0,0.18,0.03,2,712,61,49577984,145874944,0.14888550515225768,18935808,,,0,0,0,0,0,0,0,0,0,0,sleeping,0,0
1748146578.2965808,1295,NetworkManager,0.0,0.82,0.7,4,5587,312,24891392,425250816,0.07475026559899785,21942272,,,0,0,0,0,0,0,0,0,0,0,sleeping,0,0
1748146578.2999592,1355,wpa_supplicant,0.0,0.07,0.05,1,931,30,11452416,17543168,0.034392256477669574,9650176,,,0,0,0,0,0,0,0,0,0,0,sleeping,0,0
1748146578.3027499,1356,httpd,0.0,0.08,0.19,1,6822,29,6086656,8843264,0.018278574079333688,5267456,,,0,0,0,0,0,0,0,0,0,3,sleeping,0,0
1748146578.3062372,1358,opensnitchd,0.0,26.04,58.58,34,47,8,77430784,3783786496,0.2325290473726272,11333632,,,0,0,0,0,0,0,0,0,0,0,sleeping,0,0
1748146578.3089225,1390,httpd,0.0,0.0,0.0,27,4,0,3682304,2047385600,0.011058168302369437,2678784,,,0,0,0,0,0,0,0,0,0,0,sleeping,0,0
1748146578.311574,1391,httpd,0.0,0.0,0.0,27,4,0,4087808,2047385600,0.0122759198729307,2920448,,,0,0,0,0,0,0,0,0,0,0,sleeping,0,0
1748146578.3149302,1392,httpd,0.0,0.0,0.0,27,2,0,4087808,2047385600,0.0122759198729307,2920448,,,0,0,0,0,0,0,0,0,0,0,sleeping,0,1
1748146578.3175826,1481,greetd,0.0,0.0,0.0,1,26,2,3760128,3805184,0.011291878199749882,3268608,,,0,0,0,0,0,0,0,0,0,1,sleeping,0,0
1748146578.3209171,1519,psimon,0.0,0.0,0.0,1,2,0,0,0,0.0,0,,,0,0,0,0,0,0,0,0,0,0,sleeping,0,0
1748146578.3235853,1681,greetd,0.0,0.0,0.0,1,29,183,10326016,10506240,0.03100961322611051,8953856,,,0,0,0,0,0,0,0,0,0,1,sleeping,0,0
1748146578.326264,1703,systemd,0.0,0.1,0.02,1,146,113,11845632,21708800,0.035573106485486554,9715712,,,0,0,0,0,0,67,0,0,0,14,sleeping,0,0
1748146578.3299074,1706,(sd-pam),0.0,0.0,0.0,1,1,1,4739072,23420928,0.014231702698377573,2793472,,,0,0,0,0,0,0,0,0,0,0,sleeping,0,0
1748146578.3326068,1722,sway,0.0,130.62,69.81,8,652296,8241,214589440,2159038464,0.6444242907242879,175808512,,,555866,38086,2617344,4096,1,209,0,0,0,0,sleeping,0,0
1748146578.339044,2098,waybar,0.0,30.29,8.13,23,31631,4272,72871936,1426751488,0.21883856759449907,59932672,,,71299,30528,14598144,0,0,45,0,0,0,1,sleeping,0,0
1748146578.3448741,2100,polkit-gnome-authentication-agent-1,0.0,0.05,0.01,5,66,41,23687168,460890112,0.07113391245005835,17346560,,,1091,157,53248,0,0,14,0,0,0,0,sleeping,0,0
1748146578.3506033,2106,swayidle,0.0,0.14,0.18,1,2963,96,3731456,7270400,0.01120577455334656,3076096,,,26,0,12288,0,0,12,0,0,0,0,sleeping,0,0
1748146578.3553815,2108,swayidle,0.0,0.08,0.07,1,1483,36,3375104,5513216,0.010135629233762421,3211264,,,26,0,0,0,0,13,0,0,0,0,sleeping,0,0
1748146578.3606782,2110,mako,0.0,0.32,0.06,2,401,80,23863296,126394368,0.07166283484939304,20291584,,,393,0,61440,0,0,8,0,0,0,0,sleeping,0,0
1748146578.3659916,2111,dbus-broker-launch,0.0,0.0,0.0,1,119,21,3555328,8175616,0.01067685215401187,3391488,,,154,6,0,0,0,15,0,0,0,1,sleeping,0,0
1748146578.370625,2113,foot,0.0,18.41,15.48,41,98757,3096,61542400,4163346432,0.18481532674427228,46538752,,,4033635,59899,1073152,2170880,0,28,0,0,0,2,sleeping,0,0
1748146578.3760724,2115,autotiling,0.0,1.04,0.07,1,3383,440,21676032,29782016,0.06509435668091108,7262208,,,594,4,32768,0,0,5,0,0,0,0,sleeping,0,0
1748146578.3813198,2119,wl-paste,0.0,0.01,0.02,1,487,14,1585152,2732032,0.004760301594012205,1585152,,,590,259,2801664,27885568,0,4,0,0,0,0,sleeping,0,0
1748146578.3865693,2124,wl-paste,0.0,0.01,0.01,1,458,8,1916928,2732032,0.005756643788107783,1753088,,,176,24,577536,966656,0,4,0,0,0,0,sleeping,0,0
1748146578.3911026,2129,nwg-drawer,0.0,0.38,0.07,39,347,124,63660032,4142260224,0.19117469605720333,41656320,,,1945,123,12382208,20480,1,17,0,0,0,0,sleeping,0,0
1748146578.3964875,2131,swayrd,0.0,0.09,0.04,3,6,2,4431872,146386944,0.013309163629770557,4104192,,,25,2,2154496,0,0,5,0,0,0,0,sleeping,0,0
1748146578.4017417,2133,python3,0.0,1.99,0.74,1,3751,311,15056896,97128448,0.04521671488265857,6496256,,,339,0,585728,0,0,5,0,0,0,0,sleeping,0,0
1748146578.4063275,2157,dbus-broker,0.0,0.1,0.1,1,5162,125,2461696,4861952,0.0073926130697708915,2220032,,,15,0,0,0,0,97,0,0,0,0,sleeping,0,0
1748146578.4119117,2178,dconf-service,0.0,0.02,0.02,4,136,14,5476352,167567360,0.01644579646303441,5148672,,,271,358,28672,692224,0,7,0,0,0,0,sleeping,0,0
1748146578.4171572,2205,firewall-applet,0.0,0.32,0.05,8,173,94,85053440,774037504,0.25542031679499594,51757056,,,2185,411,3825664,0,1,25,0,0,0,0,sleeping,0,0
1748146578.4217825,2210,garuda-system-maintenance,0.0,0.27,0.06,9,309,104,74493952,1277804544,0.22370957387674412,58327040,,,2535,1120,20512768,0,2,29,0,0,0,0,sleeping,0,0
1748146578.4273531,2211,blueberry-tray,0.0,0.13,0.03,6,71,118,48746496,644149248,0.14638849940656137,27176960,,,1636,267,143360,0,0,18,0,0,0,1,sleeping,0,0
1748146578.4326897,2222,nm-applet,0.0,0.84,0.14,5,1312,97,39809024,569729024,0.11954876277055455,30961664,,,6268,9092,409600,0,0,16,0,0,0,0,sleeping,0,0
1748146578.4380531,2227,swaybg,0.0,0.08,0.01,1,157,49,8822784,18923520,0.02649532205039351,7950336,,,254,5,864256,0,0,4,0,0,0,0,sleeping,0,0
1748146578.442733,2229,flameshot,0.0,0.31,0.26,10,854,110,57921536,965189632,0.17394166625562427,47108096,,,4314,5112,20705280,0,1,30,0,0,0,0,sleeping,0,0
1748146578.4481287,2267,at-spi-bus-launcher,0.0,0.0,0.0,5,43,12,7081984,389844992,0.02126760066162042,6590464,,,186,182,0,0,0,11,0,0,0,1,sleeping,0,0
1748146578.4534953,2286,dbus-broker-launch,0.0,0.0,0.0,1,15,1,3616768,8175616,0.010861359967733273,3452928,,,28,0,0,0,0,15,0,0,0,1,sleeping,0,0
1748146578.4581847,2289,dbus-broker,0.0,0.0,0.0,1,242,11,2269184,4231168,0.006814488586777161,2269184,,,15,0,0,0,0,27,0,0,0,0,sleeping,0,0
1748146578.4634984,2290,gvfsd,0.0,0.0,0.0,4,35,9,10067968,331726848,0.030234680408480617,8593408,,,234,174,0,0,0,9,0,0,0,0,sleeping,0,0
1748146578.468769,2296,gvfsd-fuse,0.0,0.0,0.0,7,4,0,6172672,406216704,0.01853688501854365,5844992,,,99,78,0,0,0,10,0,0,0,0,sleeping,0,0
1748146578.4740958,2323,xdg-desktop-portal,0.0,0.02,0.01,5,201,35,12349440,635031552,0.03708607055800206,10219520,,,641,898,458752,0,0,11,0,0,0,0,sleeping,0,0
1748146578.4786663,2345,xdg-permission-store,0.0,0.0,0.0,4,10,5,5414912,313077760,0.01626128864931301,5087232,,,78,44,45056,0,0,7,0,0,0,0,sleeping,0,0
1748146578.4840405,2350,at-spi2-registryd,0.0,0.0,0.0,4,61,15,6721536,172179456,0.020185154821121522,6230016,,,128,191,0,0,0,9,0,0,0,0,sleeping,0,0
1748146578.4893532,2351,xdg-document-portal,0.0,0.01,0.01,7,147,13,6610944,627519488,0.019853040756422993,6119424,,,385,531,110592,0,0,13,0,0,0,1,sleeping,0,0
1748146578.4940634,2381,fusermount3,0.0,0.0,0.0,1,2,3,1933312,2625536,0.005805845871766823,1933312,,,0,0,0,0,0,0,0,0,0,0,sleeping,0,0
1748146578.4973576,2417,rtkit-daemon,0.0,0.03,0.08,3,351,28,3076096,22208512,0.009237691206984925,2912256,,,0,0,0,0,0,0,0,0,0,0,sleeping,1,0
1748146578.4999306,2434,power-profiles-daemon,0.0,0.05,0.03,4,171,29,8822784,316416000,0.02649532205039351,8331264,,,0,0,0,0,0,0,0,0,0,0,sleeping,0,0
1748146578.503305,2447,waybar-module-pacman-updates,0.0,0.07,0.46,1,5273,103,1970176,72429568,0.005916550559999666,1970176,,,1888793,41434,598016,0,0,4,0,0,0,0,sleeping,0,0
1748146578.505952,2468,pipewire,0.0,1.28,1.02,2,1048,72,14438400,38514688,0.043359336224529775,9543680,,,30460,15629,880640,0,2,54,0,0,0,0,sleeping,-11,0
1748146578.511634,2471,wireplumber,0.0,0.16,0.04,5,636,114,19763200,417693696,0.05935001341371806,15503360,,,1738,2454,3346432,999424,0,40,0,0,0,0,sleeping,-11,0
1748146578.5163512,2493,safechild,0.0,0.0,0.0,1,1,1,3137536,7639040,0.009422199020706328,2973696,,,14,0,0,0,1,4,0,0,0,1,sleeping,0,0
1748146578.5197449,2497,rfkill,0.0,0.0,0.0,1,1,3,1896448,5832704,0.005695141183533981,1896448,,,13,2,0,0,0,4,0,0,0,0,sleeping,0,0
1748146578.5223334,2649,krfcommd,0.0,0.0,0.0,1,2,0,0,0,0.0,0,,,0,0,0,0,0,0,0,0,0,0,sleeping,-10,0
1748146578.5256205,2984,librewolf,0.0,443.68,141.46,126,549779,33230,805072896,12971081728,2.417679686317036,456798208,,,2027203,2040106,802557952,1363247104,57,215,6,6,0,21,sleeping,0,0
1748146578.532567,3035,Socket Process,0.0,0.03,0.03,6,201,25,47587328,265490432,0.14290745198768423,38576128,,,576,416,749568,0,0,24,0,0,0,0,sleeping,0,0
1748146578.5372143,3081,Privileged Cont,0.0,3.25,1.04,28,10134,668,199036928,2653630464,0.5977192128109433,149360640,,,18097,17626,1286144,0,13,53,0,0,0,0,sleeping,0,0
1748146578.5427234,3087,RDD Process,0.0,14.01,22.44,15,446,45,289632256,1001082880,0.8697821344036097,247947264,,,19194,16304,25825280,0,0,30,0,0,0,0,sleeping,0,0
1748146578.5480962,3143,WebExtensions,0.0,39.5,5.84,27,76030,6146,425283584,29113552896,1.2771507860586389,164532224,,,146455,145955,8237056,0,16,55,0,0,0,0,sleeping,0,0
1748146578.5530407,3201,Utility Process,0.0,9.82,3.54,5,321,45,68149248,532611072,0.2046560669797805,49561600,,,674,472,0,0,0,23,0,0,0,0,sleeping,0,0
1748146578.5583587,3218,Isolated Web Co,0.0,30.1,5.07,32,34645,3498,282058752,2911916032,0.8470384712322181,130203648,,,66075,65597,512000,0,13,52,0,0,0,0,sleeping,0,0
1748146578.5645177,3227,Isolated Web Co,0.0,12.92,2.21,37,15803,1744,562159616,7607730176,1.6881972934671812,153530368,,,29038,28571,2203648,0,13,59,0,0,0,0,sleeping,0,0
1748146578.5704384,3406,upowerd,0.0,0.65,2.16,4,4863,265,11698176,324923392,0.035130287732555186,9240576,,,0,0,0,0,0,0,0,0,0,0,sleeping,0,0
1748146578.5731463,3496,pipewire-pulse,0.0,1.04,2.01,2,29162,765,15196160,31322112,0.04563493259376042,9474048,,,28681,28568,208896,0,0,24,0,0,0,0,sleeping,-11,0
1748146578.5784624,3733,Isolated Web Co,0.0,18.7,2.61,30,20492,1984,503468032,3136425984,1.5119431292795817,167583744,,,36282,35807,0,0,13,52,0,0,0,0,sleeping,0,0
1748146578.5841012,4062,Isolated Web Co,0.0,100.63,8.02,27,70812,16435,360968192,2971672576,1.084008006655074,167387136,,,156996,156518,0,0,13,52,0,0,0,0,sleeping,0,0
1748146578.5889316,4499,Xwayland,0.0,9.05,9.84,5,214696,3488,117297152,722223104,0.3522500174359884,76230656,,,2247,328124,0,16384,0,32,0,0,0,0,sleeping,0,0
1748146578.5942907,4690,Isolated Web Co,0.0,0.59,0.15,27,1567,177,146059264,2625110016,0.4386242752994347,113909760,,,3332,2860,0,0,13,52,0,0,0,0,sleeping,0,0
1748146578.5998921,4956,codium,0.0,15.42,5.81,41,64143,3800,231501824,1247386939392,0.6952131415813328,152485888,,,71245,89834,33247232,46669824,56,160,0,0,0,8,sleeping,-8,0
1748146578.6055198,4959,codium,0.0,0.0,0.01,1,7,3,59117568,34924687360,0.17753341836273423,49614848,,,152,3,4227072,0,6,12,0,0,0,1,sleeping,0,0
1748146578.6101322,4960,codium,0.0,0.01,0.0,1,9,3,59449344,34924679168,0.17852976055682981,49782784,,,153,6,905216,0,6,12,0,0,0,1,sleeping,0,1
1748146578.6147432,4962,codium,0.0,0.0,0.0,1,6,1,15179776,34924703744,0.045585730510101376,5505024,,,1,5,0,0,6,13,0,0,0,2,sleeping,0,0
1748146578.6193073,4991,codium,0.0,43.46,15.77,30,191285,5498,227426304,35452129280,0.6829741232711464,183685120,,,107442,266668,48050176,53248,7,65,0,0,0,0,sleeping,-8,0
1748146578.6241434,4995,codium,0.0,0.3,0.13,9,1757,35,80887808,34724515840,0.2429106870246848,69607424,,,453,146,897024,163840,8,24,1,1,0,0,sleeping,0,0
1748146578.6287787,5013,codium,0.0,21.49,2.73,31,17493,999,333709312,1254589640704,1.0021480399673446,116367360,,,8161,3677,20733952,0,17,43,0,0,0,0,sleeping,-8,0
1748146578.6335433,5021,codium,0.0,103.04,10.84,31,73556,3996,343990272,1254607495168,1.0330223474633926,113098752,,,21663,18380,5537792,0,19,44,0,0,0,0,sleeping,-8,0
1748146578.6383429,5126,codium,0.0,5.73,2.68,16,15346,874,172961792,1247161176064,0.5194140966675798,90550272,,,34047,20328,8548352,1126400,12,48,0,0,0,1,sleeping,0,0
1748146578.6430786,5128,codium,0.0,7.49,3.27,16,42177,899,157093888,1247160283136,0.47176187864379865,85262336,,,23276,23984,978944,16384,11,47,0,0,0,1,sleeping,0,0
1748146578.6477702,5152,codium,0.0,1.36,0.46,16,3590,229,126316544,1247159566336,0.3793357644902904,84533248,,,2751,2802,331776,319488,6,39,0,0,0,0,sleeping,0,0
1748146578.6524274,5154,codium,0.0,3.21,2.03,18,16357,387,129056768,1247176568832,0.387564812982265,82497536,,,11412,21787,12349440,0,6,41,0,0,0,0,sleeping,0,0
1748146578.657101,5168,codium,0.0,2.36,1.88,18,14670,341,124452864,1247176568832,0.3737390274740745,83058688,,,9545,21166,1286144,0,6,41,0,0,0,0,sleeping,0,0
1748146578.6618104,5257,codium,0.0,0.68,0.15,8,3741,112,99880960,1245341061120,0.29994820250642795,72945664,,,1077,1334,200704,0,5,26,0,0,0,0,sleeping,0,0
1748146578.6664386,5266,signal-desktop,0.0,8.62,3.34,49,16890,1584,328282112,1503739838464,0.9858498497552872,148881408,,,46019,62702,190095360,135929856,47,139,0,0,0,4,sleeping,-8,0
1748146578.6717565,5273,signal-desktop,0.0,0.01,0.01,1,13,7,60194816,34934837248,0.18076845536331618,50364416,,,150,3,12218368,0,6,12,0,0,0,1,sleeping,0,0
1748146578.6763868,5274,codium,0.0,0.4,0.11,8,3373,46,89100288,1245341061120,0.26757323145877904,66990080,,,1029,842,102400,0,5,26,0,0,0,0,sleeping,0,0
1748146578.6810148,5275,signal-desktop,0.0,0.02,0.01,1,3,5,60686336,34934829056,0.1822445178730874,50855936,,,151,6,0,0,6,12,0,0,0,1,sleeping,0,0
1748146578.6856678,5290,signal-desktop,0.0,0.0,0.0,1,3,0,12902400,34934829056,0.03874664088149469,3014656,,,1,1,0,0,6,13,0,0,0,0,sleeping,0,0
1748146578.6903718,5377,signal-desktop,0.0,3.57,1.42,28,5217,321,186445824,35448213504,0.5599074115189704,166002688,,,13985,11335,11657216,8192,7,43,0,0,0,0,sleeping,-8,0
1748146578.695201,5386,signal-desktop,0.0,0.25,0.11,9,1761,31,77115392,34734006272,0.23158190726219066,66793472,,,228,25,1937408,0,8,18,0,0,0,0,sleeping,0,0
1748146578.6998227,5427,signal-desktop,0.0,41.04,13.69,56,25175,1237,390172672,1495305129984,1.171710720777314,195710976,,,12793,19104,36249600,1929216,17,61,3,3,0,0,sleeping,-8,0
1748146578.7046769,5830,footclient,0.0,0.0,0.0,1,4,1,1536000,2613248,0.004612695343035082,1536000,,,18,0,12288,0,0,4,0,0,0,0,sleeping,0,0
1748146578.7092028,5831,fish,0.0,0.58,0.4,1,3847,188,13365248,223309824,0.0401365997448626,8912896,,,1327955,22186,139800576,6402048,0,7,0,0,0,1,sleeping,0,0
1748146578.7119124,15097,kworker/2:3-events,0.0,0.0,0.0,1,9,0,0,0,0.0,0,,,0,0,0,0,0,0,0,0,0,0,idle,0,0
1748146578.714539,22310,Isolated Web Co,0.0,13.19,2.15,28,19418,1730,307023872,2883096576,0.9220101462076817,178679808,,,34994,34517,0,0,13,52,0,0,0,0,sleeping,0,0
1748146578.7194538,22594,gvfsd-metadata,0.0,0.0,0.0,4,35,6,7933952,171270144,0.023826109011890546,7442432,,,75,35,24576,385024,2,9,0,0,0,0,sleeping,0,0
1748146578.724027,23121,kworker/7:2-events,0.0,0.0,0.2,1,3488,3,0,0,0.0,0,,,0,0,0,0,0,0,0,0,0,0,idle,0,0
1748146578.726656,25298,kworker/5:0-events,0.0,0.0,0.23,1,4529,0,0,0,0.0,0,,,0,0,0,0,0,0,0,0,0,0,idle,0,0
1748146578.7292674,25650,Isolated Web Co,0.0,4.28,1.14,28,10990,711,305651712,2810126336,0.9178894717012371,172163072,,,21759,21285,0,0,14,53,0,0,0,0,sleeping,0,0
1748146578.7341537,25893,Isolated Web Co,0.0,2.54,1.0,28,9704,670,236126208,2678525952,0.7091004296940971,180023296,,,19726,19252,0,0,13,52,0,0,0,0,sleeping,0,0
1748146578.7389627,25936,kworker/11:0-mm_percpu_wq,0.0,0.0,0.13,1,2595,14,0,0,0.0,0,,,0,0,0,0,0,0,0,0,0,0,idle,0,0
1748146578.7415333,26013,Isolated Web Co,0.0,5.54,2.53,27,22507,971,234954752,2769924096,0.7055824807124758,169402368,,,46269,45797,0,0,13,52,0,0,0,0,sleeping,0,0
1748146578.746435,26062,kworker/9:1-mm_percpu_wq,0.0,0.0,0.0,1,7,0,0,0,0.0,0,,,0,0,0,0,0,0,0,0,0,0,idle,0,0
1748146578.7490795,26294,kworker/2:0-i915-unordered,0.0,0.0,0.58,1,9371,11,0,0,0.0,0,,,0,0,0,0,0,0,0,0,0,0,idle,0,0
1748146578.7516751,26570,Isolated Web Co,0.0,4.91,0.87,27,8999,844,260927488,2733981696,0.7835800838329703,174985216,,,18293,17817,0,0,13,52,0,0,0,0,sleeping,0,0
1748146578.7565348,26783,kworker/19:2,0.0,0.0,0.0,1,2,0,0,0,0.0,0,,,0,0,0,0,0,0,0,0,0,0,idle,0,0
1748146578.7591112,27134,kworker/u80:1-btrfs-endio,0.0,0.0,1.34,1,22919,482,0,0,0.0,0,,,0,0,0,0,0,0,0,0,0,0,idle,0,0
1748146578.7616255,27136,Isolated Web Co,0.0,0.26,0.1,27,862,99,168599552,2599686144,0.5063140418933602,143495168,,,2082,1608,0,0,11,50,0,0,0,0,sleeping,0,0
1748146578.766451,27552,Isolated Web Co,0.0,27.54,3.48,28,37005,5997,242987008,2700967936,0.7297038022263205,185597952,,,81735,81260,0,0,13,52,0,0,0,0,sleeping,0,0
1748146578.7712831,27620,footclient,0.0,0.0,0.0,1,2,2,1323008,2613248,0.0039730682554675505,1323008,,,18,0,0,0,0,4,0,0,0,0,sleeping,0,0
1748146578.775757,27621,fish,0.0,0.47,0.23,1,1924,120,12967936,223531008,0.038943449216130854,8925184,,,308717,21705,5480448,4255744,0,7,0,0,0,1,sleeping,0,0
1748146578.778481,28547,Isolated Web Co,0.0,1.27,0.39,27,4058,422,182677504,2593071104,0.548590932277391,155160576,,,8544,8072,0,0,13,52,0,0,0,0,sleeping,0,0
1748146578.7833266,28841,kworker/8:1-events,0.0,0.0,0.62,1,9914,6,0,0,0.0,0,,,0,0,0,0,0,0,0,0,0,0,idle,0,0
1748146578.785911,29998,python3,0.0,1.31,0.62,1,24692,133,17616896,22900736,0.052904540454383704,9588736,,,376,392,0,0,0,5,0,0,0,0,sleeping,0,0
1748146578.7884793,30280,kworker/7:1-events,0.0,0.0,0.0,1,3,0,0,0,0.0,0,,,0,0,0,0,0,0,0,0,0,0,idle,0,0
1748146578.7909904,30601,kworker/5:1,0.0,0.0,0.0,1,4,0,0,0,0.0,0,,,0,0,0,0,0,0,0,0,0,0,idle,0,0
1748146578.7935402,30804,kworker/10:2,0.0,0.0,0.0,1,4,0,0,0,0.0,0,,,0,0,0,0,0,0,0,0,0,0,idle,0,0
1748146578.7961133,30856,kworker/3:1-events,0.0,0.0,0.06,1,1602,1,0,0,0.0,0,,,0,0,0,0,0,0,0,0,0,0,idle,0,0
1748146578.7987359,31449,kworker/15:1-events,0.0,0.0,0.0,1,7,0,0,0,0.0,0,,,0,0,0,0,0,0,0,0,0,0,idle,0,0
1748146578.8013942,31562,kworker/1:2-events,0.0,0.0,0.02,1,783,0,0,0,0.0,0,,,0,0,0,0,0,0,0,0,0,0,idle,0,0
1748146578.80406,31918,kworker/10:1-events,0.0,0.0,0.49,1,7306,11,0,0,0.0,0,,,0,0,0,0,0,0,0,0,0,0,idle,0,0
1748146578.8067055,32001,kworker/u81:0-rb_allocator,0.0,0.0,3.62,1,73103,953,0,0,0.0,0,,,0,0,0,0,0,0,0,0,0,0,idle,-20,0
1748146578.809496,32028,kworker/12:2-events,0.0,0.0,1.67,1,76623,120,0,0,0.0,0,,,0,0,0,0,0,0,0,0,0,0,idle,0,0
1748146578.8121905,32142,kworker/u80:5-writeback,0.0,0.0,1.33,1,20625,532,0,0,0.0,0,,,0,0,0,0,0,0,0,0,0,0,idle,0,0
1748146578.815127,32292,kworker/4:2-events,0.0,0.0,0.0,1,7,0,0,0,0.0,0,,,0,0,0,0,0,0,0,0,0,0,idle,0,0
1748146578.8181357,32395,kworker/13:0-events,0.0,0.0,0.79,1,6560,48,0,0,0.0,0,,,0,0,0,0,0,0,0,0,0,0,idle,0,0
1748146578.8209665,32528,kworker/8:2,0.0,0.0,0.0,1,2,0,0,0,0.0,0,,,0,0,0,0,0,0,0,0,0,0,idle,0,0
1748146578.8235826,32749,kworker/3:2-events,0.0,0.0,0.0,1,4,0,0,0,0.0,0,,,0,0,0,0,0,0,0,0,0,0,idle,0,0
1748146578.8263068,32875,kworker/12:0-i915-unordered,0.0,0.0,0.01,1,1122,1,0,0,0.0,0,,,0,0,0,0,0,0,0,0,0,0,idle,0,0
1748146578.8289533,32913,kworker/0:5-events,0.0,0.0,0.0,1,16,2,0,0,0.0,0,,,0,0,0,0,0,0,0,0,0,0,idle,0,0
1748146578.8315802,33085,kworker/u80:3-btrfs-endio,0.0,0.0,1.7,1,23338,649,0,0,0.0,0,,,0,0,0,0,0,0,0,0,0,0,idle,0,0
1748146578.8342698,33087,kworker/u80:6-btrfs-endio,0.0,0.0,0.77,1,11360,339,0,0,0.0,0,,,0,0,0,0,0,0,0,0,0,0,idle,0,0
1748146578.8369288,33365,kworker/13:1,0.0,0.0,0.0,1,4,0,0,0,0.0,0,,,0,0,0,0,0,0,0,0,0,0,idle,0,0
1748146578.8396018,33398,kworker/9:2-events,0.0,0.0,0.07,1,928,0,0,0,0.0,0,,,0,0,0,0,0,0,0,0,0,0,idle,0,0
1748146578.8423476,33474,kworker/14:0-mm_percpu_wq,0.0,0.0,0.0,1,3,0,0,0,0.0,0,,,0,0,0,0,0,0,0,0,0,0,idle,0,0
1748146578.8450189,33831,kworker/4:1-events,0.0,0.0,0.42,1,6817,3,0,0,0.0,0,,,0,0,0,0,0,0,0,0,0,0,idle,0,0
1748146578.8476675,33855,kworker/u81:1-rb_allocator,0.0,0.0,2.4,1,46962,675,0,0,0.0,0,,,0,0,0,0,0,0,0,0,0,0,idle,-20,0
1748146578.8503387,34020,kworker/u80:8-ipv6_addrconf,0.0,0.0,1.27,1,18618,560,0,0,0.0,0,,,0,0,0,0,0,0,0,0,0,0,idle,0,0
1748146578.8531678,34183,kworker/16:3-events,0.0,0.0,0.05,1,1646,93,0,0,0.0,0,,,0,0,0,0,0,0,0,0,0,0,idle,0,0
1748146578.8558614,34196,kworker/0:0-events,0.0,0.0,0.27,1,3677,3,0,0,0.0,0,,,0,0,0,0,0,0,0,0,0,0,idle,0,0
1748146578.8585172,34409,kworker/6:2-events,0.0,0.0,0.0,1,7,0,0,0,0.0,0,,,0,0,0,0,0,0,0,0,0,0,idle,0,0
1748146578.8612819,34575,kworker/11:1,0.0,0.0,0.0,1,2,0,0,0,0.0,0,,,0,0,0,0,0,0,0,0,0,0,idle,0,0
1748146578.8639379,34645,kworker/u80:10-btrfs-endio-write,0.0,0.0,0.57,1,8268,184,0,0,0.0,0,,,0,0,0,0,0,0,0,0,0,0,idle,0,0
1748146578.8667116,34789,kworker/u81:2-i915_flip,0.0,0.0,1.78,1,38501,524,0,0,0.0,0,,,0,0,0,0,0,0,0,0,0,0,idle,-20,0
1748146578.8694623,34802,kworker/16:0-events,0.0,0.0,0.06,1,958,48,0,0,0.0,0,,,0,0,0,0,0,0,0,0,0,0,idle,0,0
1748146578.872181,34860,kworker/1:0-events,0.0,0.0,0.0,1,506,1,0,0,0.0,0,,,0,0,0,0,0,0,0,0,0,0,idle,0,0
1748146578.874863,35031,kworker/0:1,0.0,0.0,0.0,1,2,0,0,0,0.0,0,,,0,0,0,0,0,0,0,0,0,0,idle,0,0
1748146578.8775008,35050,kworker/13:2,0.0,0.0,0.0,1,3,0,0,0,0.0,0,,,0,0,0,0,0,0,0,0,0,0,idle,0,0
1748146578.8802686,35290,kworker/6:1-events,0.0,0.0,0.08,1,1477,0,0,0,0.0,0,,,0,0,0,0,0,0,0,0,0,0,idle,0,0
1748146578.8829758,35369,kworker/16:1-mm_percpu_wq,0.0,0.0,0.0,1,125,7,0,0,0.0,0,,,0,0,0,0,0,0,0,0,0,0,idle,0,0
1748146578.8856885,35566,kworker/16:2-events,0.0,0.0,0.0,1,421,31,0,0,0.0,0,,,0,0,0,0,0,0,0,0,0,0,idle,0,0
1748146578.888428,35737,kworker/3:0-events,0.0,0.0,0.0,1,3,0,0,0,0.0,0,,,0,0,0,0,0,0,0,0,0,0,idle,0,0
1748146578.891144,35761,Web Content,0.0,0.1,0.08,19,692,51,93380608,2519773184,0.2804272758147035,78798848,,,1850,1380,0,0,3,41,0,0,0,0,sleeping,0,0
1748146578.8962786,35937,kworker/1:1,0.0,0.0,0.0,1,2,0,0,0,0.0,0,,,0,0,0,0,0,0,0,0,0,0,idle,0,0
1748146578.8989322,36072,kworker/4:0-events,0.0,0.0,0.0,1,3,0,0,0,0.0,0,,,0,0,0,0,0,0,0,0,0,0,idle,0,0
1748146578.9016502,36095,kworker/u80:0-btrfs-endio,0.0,0.0,0.0,1,17,0,0,0,0.0,0,,,0,0,0,0,0,0,0,0,0,0,idle,0,0
1748146578.9044785,36096,kworker/u80:2-btrfs-endio-write,0.0,0.0,0.0,1,94,4,0,0,0.0,0,,,0,0,0,0,0,0,0,0,0,0,idle,0,0
1748146578.907211,36125,Web Content,0.0,0.09,0.08,19,608,34,93593600,2519773184,0.281066902902271,76742656,,,1670,1200,0,0,3,41,0,0,0,0,sleeping,0,0
1748146578.912106,36261,Web Content,0.0,0.08,0.07,19,521,28,92987392,2519773184,0.2792464258068865,78569472,,,1518,1048,0,0,3,41,0,0,0,0,sleeping,0,0
1748146578.9168427,36351,kworker/15:2,0.0,0.0,0.0,1,2,0,0,0,0.0,0,,,0,0,0,0,0,0,0,0,0,0,idle,0,0
1748146578.9195054,36602,kworker/6:0,0.0,0.0,0.0,1,2,0,0,0,0.0,0,,,0,0,0,0,0,0,0,0,0,0,idle,0,0
1748146578.9220612,36710,kworker/5:2-events,0.0,0.0,0.0,1,68,1,0,0,0.0,0,,,0,0,0,0,0,0,0,0,0,0,idle,0,0
1748146578.924595,36736,systemd-userwork:,0.0,0.0,0.0,1,41,0,6950912,16019456,0.02087398399234809,5967872,,,0,0,0,0,0,0,0,0,0,0,sleeping,0,0
1748146578.9271495,36737,systemd-userwork:,0.0,0.0,0.0,1,42,2,6787072,16019456,0.02038196315575768,5804032,,,0,0,0,0,0,0,0,0,0,0,sleeping,0,0
1748146578.9297569,36738,systemd-userwork:,0.0,0.0,0.0,1,48,3,6963200,16019456,0.020910885555092372,5980160,,,0,0,0,0,0,0,0,0,0,0,sleeping,0,0
1748146578.9323843,36805,kworker/u80:4-events_power_efficient,0.0,0.0,0.04,1,1078,16,0,0,0.0,0,,,0,0,0,0,0,0,0,0,0,0,idle,0,1
1748146578.934996,36982,kworker/12:1,0.0,0.0,0.0,1,2,0,0,0,0.0,0,,,0,0,0,0,0,0,0,0,0,0,idle,0,0
1748146578.9377954,37014,python3,0.0,0.66,0.66,1,0,17,15998976,21344256,0.048045834693053416,8790016,,,368510,7,0,53248,1,5,0,0,0,0,running,0,0
